{"assets/fonts/avenir/AvenirNextLTPro-Demi.otf":["assets/fonts/avenir/AvenirNextLTPro-Demi.otf"],"assets/fonts/avenir/AvenirNextLTPro-Regular.otf":["assets/fonts/avenir/AvenirNextLTPro-Regular.otf"],"packages/cupertino_icons/assets/CupertinoIcons.ttf":["packages/cupertino_icons/assets/CupertinoIcons.ttf"],"assets/fonts/league_spartan/LeagueSpartan-Bold.otf":["assets/fonts/league_spartan/LeagueSpartan-Bold.otf"],"assets/fonts/times_news_roman/Times%20New%20Roman%20400.ttf":["assets/fonts/times_news_roman/Times%20New%20Roman%20400.ttf"],"assets/fonts/times_news_roman/Times%20New%20Roman%20Gras%20700.ttf":["assets/fonts/times_news_roman/Times%20New%20Roman%20Gras%20700.ttf"],"assets/icons/about.svg":["assets/icons/about.svg"],"assets/fonts/avenir/avenir-next-lt-pro-bold.otf":["assets/fonts/avenir/avenir-next-lt-pro-bold.otf"],"assets/images/backgroundImage.png":["assets/images/backgroundImage.png"],"assets/icons/bookmark.svg":["assets/icons/bookmark.svg"],"assets/cardImage.jpg":["assets/cardImage.jpg"],"assets/icons/categories.svg":["assets/icons/categories.svg"],"assets/icons/clear_cache.svg":["assets/icons/clear_cache.svg"],"assets/icons/dark_mode.svg":["assets/icons/dark_mode.svg"],"assets/icons/data_saver.svg":["assets/icons/data_saver.svg"],"assets/icons/done.svg":["assets/icons/done.svg"],"assets/icons/drawer.svg":["assets/icons/drawer.svg"],"assets/icons/google.svg":["assets/icons/google.svg"],"assets/icons/help.svg":["assets/icons/help.svg"],"assets/icons/home.svg":["assets/icons/home.svg"],"assets/index.png":["assets/index.png","assets/images/index.png"],"assets/images/index.png":["assets/images/index.png"],"assets/images/news.jpg":["assets/images/news.jpg"],"assets/icons/obscurePassword.svg":["assets/icons/obscurePassword.svg"],"assets/icons/rate.svg":["assets/icons/rate.svg"],"assets/icons/search.svg":["assets/icons/search.svg"],"assets/icons/search_cancel.svg":["assets/icons/search_cancel.svg"],"assets/icons/share.svg":["assets/icons/share.svg"],"assets/icons/showPassword.svg":["assets/icons/showPassword.svg"],"assets/icons/smile.svg":["assets/icons/smile.svg"],"assets/icons/support.svg":["assets/icons/support.svg"],"assets/images/ten_news.png":["assets/images/ten_news.png"],"assets/images/ten_news.svg":["assets/images/ten_news.svg"],"assets/images/user.png":["assets/images/user.png"],"assets/icons/vip.svg":["assets/icons/vip.svg"]}