[{"family":"MaterialIcons","fonts":[{"asset":"fonts/MaterialIcons-Regular.otf"}]},{"family":"Times","fonts":[{"weight":400,"asset":"assets/fonts/times_news_roman/Times%20New%20Roman%20400.ttf"},{"weight":700,"asset":"assets/fonts/times_news_roman/Times%20New%20Roman%20Gras%20700.ttf"}]},{"family":"Avenir","fonts":[{"weight":400,"asset":"assets/fonts/avenir/AvenirNextLTPro-Regular.otf"},{"weight":500,"asset":"assets/fonts/avenir/AvenirNextLTPro-Demi.otf"},{"weight":600,"asset":"assets/fonts/avenir/AvenirNextLTPro-Demi.otf"},{"weight":700,"asset":"assets/fonts/avenir/avenir-next-lt-pro-bold.otf"}]},{"family":"League","fonts":[{"asset":"assets/fonts/league_spartan/LeagueSpartan-Bold.otf"}]},{"family":"packages/cupertino_icons/CupertinoIcons","fonts":[{"asset":"packages/cupertino_icons/assets/CupertinoIcons.ttf"}]}]